{
  "vocab_size": 64,
  "embed_dim": 128,
  "hidden_dim": 256,
  "num_layers": 1,
  "max_len": 80,
  "g_lr": 0.001,
  "d_lr": 0.001,
  "dpp_rank": 64,
  "feature_type": "morgan",
  "rollout_num": 8,
  "gen_batch_size": 64,
  "dpp_select_size": 32,
  "curriculum_stages": [
    {
      "epochs": 5,
      "rewards": [
        "validity"
      ],
      "temp": 1.5,
      "diversity_weight": 0.05
    },
    {
      "epochs": 5,
      "rewards": [
        "validity",
        "QED"
      ],
      "temp": 1.0,
      "diversity_weight": 0.1
    },
    {
      "epochs": 5,
      "rewards": [
        "validity",
        "QED",
        "SA_score"
      ],
      "temp": 0.7,
      "diversity_weight": 0.15
    }
  ],
  "save_dir": "outputs/"
}